{
  "name": "angular-sanitize",
  "version": "1.5.8",
  "license": "MIT",
  "main": "./angular-sanitize.js",
  "ignore": [],
  "dependencies": {
    "angular": "1.5.8"
  },
  "homepage": "https://github.com/angular/bower-angular-sanitize",
  "_release": "1.5.8",
  "_resolution": {
    "type": "version",
    "tag": "v1.5.8",
    "commit": "380756a11f0b6b213d0b82c9fdbe56f40d4c0093"
  },
  "_source": "https://github.com/angular/bower-angular-sanitize.git",
  "_target": "^1.5.8",
  "_originalSource": "angular-sanitize",
  "_direct": true
}