{
  "name": "angular-i18n",
  "version": "1.6.0",
  "license": "MIT",
  "ignore": [
    "**/.*",
    "node_modules",
    "components",
    "precommit.sh"
  ],
  "homepage": "https://github.com/angular/bower-angular-i18n",
  "_release": "1.6.0",
  "_resolution": {
    "type": "version",
    "tag": "v1.6.0",
    "commit": "41995cec53dd569f1ef6011b0ddb038c514de17d"
  },
  "_source": "https://github.com/angular/bower-angular-i18n.git",
  "_target": "^1.6.0",
  "_originalSource": "angular-i18n",
  "_direct": true
}