{
  "name": "blowup",
  "authors": [
    "Paul Krishnamurthy <paul@paulkr.com>"
  ],
  "description": "A jQuery plugin for customizable image magnification.",
  "main": "",
  "moduleType": [],
  "keywords": [
    "magnify",
    "magnification",
    "zoom"
  ],
  "license": "MIT",
  "homepage": "http://paulkr.github.io/blowup.js/",
  "_release": "dfaa041a22",
  "_resolution": {
    "type": "branch",
    "branch": "master",
    "commit": "dfaa041a2215aedc43fb79836f8681b5a763cb89"
  },
  "_source": "https://github.com/paulkr/blowup.js.git",
  "_target": "*",
  "_originalSource": "blowup",
  "_direct": true
}